source_id,source_title,institution,source_level,source_type,publication_date,publication_date_precision,url,access_date,archive_url,document_number,author,publisher,language,source_status,notes
[SRC-2023-0001],Federal Republic of Nigeria Official Gazette No. 98 Vol. 110 (Electricity Act 2023),Federal Government of Nigeria,LEVEL_1,gazette,2023-06-09,exact_day,https://gazettes.gov.ng/2023/no98,2024-08-15,https://web.archive.org/web/20230610/gazette98,FGN-GAZ-2023-98,National Assembly,Federal Government Printer,en,active,Statutory instrument assented to by President Tinubu
[SRC-2023-0002],CBN Operational Circular on Operational Mechanisms for Bureau De Change and NAFEM,Central Bank of Nigeria,LEVEL_2,economic_report,2023-06-14,exact_day,https://www.cbn.gov.ng/documents/circulars.asp,2024-08-15,https://web.archive.org/web/20230615/cbn-nafem,FMD/DIR/CIR/GEN/08/007,Financial Markets Department,Central Bank of Nigeria,en,active,Official circular collapsing FX market segments
[SRC-2023-0003],FIRS Annual Non-Oil Tax Performance Bulletin 2023,Federal Inland Revenue Service,LEVEL_2,audit_report,2024-01-18,exact_day,https://www.firs.gov.ng/reports/annual-2023,2024-08-15,https://web.archive.org/web/20240120/firs-2023,FIRS-AR-2023,Planning and Statistics Directorate,FIRS,en,active,Audited annual tax collection figures exceeding N12.3 Trillion
[SRC-2023-0004],State House Press Release on Presidential CNG Initiative Rollout,Presidency of Nigeria,LEVEL_5,state_house_release,2023-10-01,exact_day,https://statehouse.gov.ng/press-releases/cng-initiative,2024-08-15,https://web.archive.org/web/20231002/statehouse-cng,SH-PR-2023-10-01,Special Adviser on Information,State House Media,en,active,Official speech and rollout guidelines for Pi-CNG
[SRC-2024-0005],Federal Republic of Nigeria Official Gazette Vol. 111 No. 38 (Executive Orders 40 41 42),Federal Government of Nigeria,LEVEL_1,gazette,2024-02-28,exact_day,https://gazettes.gov.ng/2024/no38,2024-08-15,https://web.archive.org/web/20240301/gazette38,FGN-GAZ-2024-38,Presidency,Federal Government Printer,en,active,Fiscal incentives and contracting cycle compression orders
[SRC-2024-0006],Federal Ministry of Agriculture Grain Distribution Operations Manifest,Federal Ministry of Agriculture and Food Security,LEVEL_2,ministerial_statement,2024-04-15,exact_day,https://agriculture.gov.ng/food-security/releases,2024-08-15,https://web.archive.org/web/20240416/grain-manifest,FMAFS-REL-2024-01,Department of Strategic Grains,FMAFS,en,active,42000 metric tonnes distribution schedule
[SRC-2023-0007],African Development Bank NAGS-AP Programme Appraisal and Implementation Report,African Development Bank,LEVEL_3,multilateral_report,2023-11-20,exact_day,https://www.afdb.org/en/documents/nigeria-nags-ap-report,2024-08-15,https://web.archive.org/web/20231122/afdb-nags,AfDB-P-NG-A00-012,Agriculture Sector Desk,AfDB Group,en,active,Subsidized input vouchers and wheat cultivation acreage verification
[SRC-2024-0008],Federal Executive Council Extract on Green Imperative Bilateral Financing,Federal Executive Council,LEVEL_1,executive_order,2024-03-20,exact_day,https://cabinetoffice.gov.ng/fec-resolutions/2024-03,2024-08-15,https://web.archive.org/web/20240321/fec-green-imperative,FEC-RES-2024-11,Cabinet Secretariat,Cabinet Office,en,active,Sovereign debt facility approval for agricultural mechanization
[SRC-2023-0009],NITDA 3MTT Cohort-1 Training and Placement Completion Report,NITDA,LEVEL_2,agency_portal,2024-02-29,exact_day,https://3mtt.nitda.gov.ng/reports/cohort1,2024-08-15,https://web.archive.org/web/20240301/3mtt-cohort1,NITDA-3MTT-2024-01,Digital Skills Directorate,NITDA,en,active,30000 fellows certified across 36 states
[SRC-2024-0010],Federal Executive Council Approval of National Broadband SPV,Federal Ministry of Communications Innovation and Digital Economy,LEVEL_1,executive_order,2024-05-13,exact_day,https://bspv.fmcide.gov.ng/charter,2024-08-15,https://web.archive.org/web/20240514/fmcide-spv,FEC-EXT-2024-SPV,Hon Minister of Communications,FMCIDE,en,active,Cabinet authorization for 90000km fiber optic network
[SRC-2024-0011],Inauguration Charter of the National Council for Digital Innovation and Entrepreneurship,Presidency of Nigeria,LEVEL_1,executive_order,2024-06-04,exact_day,https://startup.gov.ng/ncdie-inauguration,2024-08-15,https://web.archive.org/web/20240605/startup-council,SH-DIR-2024-NCDIE,Special Adviser on Digital Economy,Presidency,en,active,Statutory council operationalizing Nigeria Startup Act 2022
[SRC-2024-0012],Federal Ministry of Works Engineering Inspection Report on Coastal Highway Section 1,Federal Ministry of Works,LEVEL_2,audit_report,2024-06-30,exact_day,https://works.gov.ng/projects/coastal-highway,2024-08-15,https://web.archive.org/web/20240701/works-coastal,FMW-ENG-2024-LC01,Highways Directorate,Federal Ministry of Works,en,active,Civil works verification of concrete pavement and drainage piling
[SRC-2024-0013],Federal Capital Territory Administration Metro Rail Commissioning Dossier,Federal Capital Territory Administration,LEVEL_2,ministerial_statement,2024-05-29,exact_day,https://fcta.gov.ng/transport/metro-rail,2024-08-15,https://web.archive.org/web/20240530/fcta-metro,FCTA-TRN-2024-01,Transportation Secretariat,FCTA,en,active,27.2km commercial train operations and station rehabilitation
[SRC-2024-0014],Nigerian Railway Corporation Commercial Operations Manifest on Port Harcourt - Aba Line,Nigerian Railway Corporation,LEVEL_2,agency_portal,2024-04-30,exact_day,https://nrc.gov.ng/schedules/ph-aba,2024-08-15,https://web.archive.org/web/20240501/nrc-ph-aba,NRC-OPS-2024-04,Operations Directorate,NRC,en,active,Scheduled passenger service recommencement logs
[SRC-2024-0015],Federal Ministry of Works Completion Certificate on Second Niger Bridge Bypasses,Federal Ministry of Works,LEVEL_1,executive_order,2024-05-23,exact_day,https://works.gov.ng/completions/second-niger-bridge-access,2024-08-15,https://web.archive.org/web/20240524/2nb-access,FMW-CC-2024-2NB,Highways Construction Department,Federal Ministry of Works,en,active,17.5km dualized bypass completion certificate
[SRC-2024-0016],Federal Ministry of Housing Renewed Hope Cities Engineering Progress Report,Federal Ministry of Housing and Urban Development,LEVEL_2,audit_report,2024-06-15,exact_day,https://housing.gov.ng/renewed-hope-cities,2024-08-15,https://web.archive.org/web/20240616/housing-karsana,FMHUD-PR-2024-02,Public Building and Housing Department,FMHUD,en,active,3112 units structural construction inspection in Karsana
[SRC-2024-0017],Federal Mortgage Bank of Nigeria Digital Operations and Loan Disbursement Circular,Federal Mortgage Bank of Nigeria,LEVEL_2,agency_portal,2024-04-18,exact_day,https://fmbn.gov.ng/circulars/nhf-portal,2024-08-15,https://web.archive.org/web/20240419/fmbn-nhf,FMBN-CIR-2024-03,Managing Director Office,FMBN,en,active,Automated NHF contributions portal and mortgage revisions
[SRC-2024-0018],Federal Republic of Nigeria Official Gazette Vol. 111 No. 56 (Student Loan Act 2024),Federal Government of Nigeria,LEVEL_1,gazette,2024-04-03,exact_day,https://gazettes.gov.ng/2024/no56,2024-08-15,https://web.archive.org/web/20240404/gazette56,FGN-GAZ-2024-56,National Assembly,Federal Government Printer,en,active,Statutory act repealing and re-enacting student loans scheme
[SRC-2024-0019],NELFUND Public Disbursement Portal and University Fee Remittance Dossier,National Student Financial Aid Scheme,LEVEL_2,agency_portal,2024-08-10,exact_day,https://nelfund.gov.ng/disbursements,2024-08-15,https://web.archive.org/web/20240811/nelfund-disburse,NELFUND-DISB-2024-08,Executive Secretary Desk,NELFUND,en,active,Disbursement logs across 100+ public tertiary institutions
[SRC-2024-0020],UBEC Universal Basic Education Matching Grant Financial and Civil Works Audit,Universal Basic Education Commission,LEVEL_2,audit_report,2024-06-15,exact_day,https://ubec.gov.ng/matching-grants-2024,2024-08-15,https://web.archive.org/web/20240616/ubec-grants,UBEC-AR-2024-02,Department of Planning Research and Statistics,UBEC,en,active,Over N50 Billion matching grants released to 36 states
[SRC-2024-0021],Federal Republic of Nigeria Official Gazette Vol. 111 No. 72 (Executive Order 041),Federal Government of Nigeria,LEVEL_1,gazette,2024-06-28,exact_day,https://gazettes.gov.ng/2024/no72,2024-08-15,https://web.archive.org/web/20240629/gazette72,FGN-GAZ-2024-72,Presidency,Federal Government Printer,en,active,Zero tariffs on active pharmaceutical ingredients and medical equipment
[SRC-2024-0022],NPHCDA Primary Health Care Facility Upgrading and Solarisation Report,National Primary Health Care Development Agency,LEVEL_2,audit_report,2024-05-15,exact_day,https://nphcda.gov.ng/phc-revitalisation,2024-08-15,https://web.archive.org/web/20240516/nphcda-phc,NPHCDA-REP-2024-01,Planning and Civil Works Department,NPHCDA,en,active,Solar power installation on 2500 primary health centres
[SRC-2024-0023],Bank of Industry Presidential Conditional Grant Scheme Payment Verification Log,Bank of Industry,LEVEL_2,agency_portal,2024-07-25,exact_day,https://boi.ng/pcgs-verification-log,2024-08-15,https://web.archive.org/web/20240726/boi-pcgs,BOI-PCGS-2024-07,MSME Directorate,Bank of Industry,en,active,Disbursement of N50000 grants to 1000000 nano businesses
[SRC-2024-0024],CREDICORP Operational Pilot Disbursement Report,CREDICORP,LEVEL_2,agency_portal,2024-08-05,exact_day,https://credicorp.ng/reports/pilot-disbursements,2024-08-15,https://web.archive.org/web/20240806/credicorp-pilot,CREDICORP-REP-2024-01,Credit Operations Desk,CREDICORP,en,active,Over 25000 initial consumer credit disbursements
[SRC-2024-0025],World Bank Nigeria Development Update and Social Safety Net Project Review,World Bank,LEVEL_3,multilateral_report,2024-05-01,exact_day,https://www.worldbank.org/en/country/nigeria/publication/nigeria-development-update,2024-08-15,https://web.archive.org/web/20240502/worldbank-ndu,WB-NDU-2024-MAY,World Bank Nigeria Macroeconomics Team,World Bank Group,en,active,Biometric cleaning of social register and cash transfer audit
[SRC-2024-0026],Federal Executive Council Approval Memo on NYIF Restructuring,Federal Ministry of Youth Development,LEVEL_1,executive_order,2024-05-22,exact_day,https://youthdevelopment.gov.ng/nyif-recapitalisation,2024-08-15,https://web.archive.org/web/20240523/nyif-memo,FEC-MEMO-2024-YD04,Hon Minister of Youth,Federal Executive Council,en,active,Recapitalization of NYIF to N110 Billion
[SRC-2024-0027],SMEDAN and Ministry of Youth Zonal Enterprise Cluster Operations Bulletin,SMEDAN,LEVEL_2,ministerial_statement,2024-07-10,exact_day,https://smedan.gov.ng/youth-enterprise-clusters,2024-08-15,https://web.archive.org/web/20240711/smedan-clusters,SMEDAN-YEC-2024-01,Enterprise Development Directorate,SMEDAN,en,active,10000 youth trained in agro-processing and ICT clusters
[SRC-2024-0028],Supreme Court of Nigeria Judgment in SC/CV/343/2024 (AG Federation v AG Abia & 35 Ors),Supreme Court of Nigeria,LEVEL_1,court_ruling,2024-07-11,exact_day,https://supremecourt.gov.ng/judgments/2024/sccv343,2024-08-15,https://web.archive.org/web/20240712/supremecourt-lga,SC/CV/343/2024,Full Bench of the Supreme Court,Supreme Court of Nigeria Law Reports,en,active,Enforcement of direct local government financial autonomy
[SRC-2024-0029],Office of the Head of Civil Service IPPIS Payroll Verification Audit Report,Office of the Head of the Civil Service of the Federation,LEVEL_2,audit_report,2024-03-31,exact_day,https://ohcsf.gov.ng/ippis-audit-2024,2024-08-15,https://web.archive.org/web/20240401/ohcsf-ippis,OHCSF-AUD-2024-01,Special Audit Taskforce,OHCSF,en,active,Removal of 50000 unverified payroll entries saving N120 Billion annually
[SRC-2024-0030],Joint Bilateral Aviation Communique of Nigeria and UAE,Federal Ministry of Aviation and Aerospace Development,LEVEL_1,executive_order,2024-07-15,exact_day,https://aviation.gov.ng/nigeria-uae-bilateral-accord,2024-08-15,https://web.archive.org/web/20240716/aviation-uae,FMAAD-BIL-2024-01,Federal Government of Nigeria and UAE Civil Aviation Authority,Joint Diplomatic Mission,en,active,Resumption of commercial flights and visa normalization
[SRC-2024-0031],IMF Nigeria 2024 Article IV Consultation Staff Report,International Monetary Fund,LEVEL_3,multilateral_report,2024-05-10,exact_day,https://www.imf.org/en/Publications/CR/Issues/2024/05/10/Nigeria-2024-Article-IV-Consultation-548769,2024-08-15,https://web.archive.org/web/20240511/imf-nigeria-article-iv,IMF-CR-24/112,African Department,International Monetary Fund,en,active,Independent appraisal of FX unification and tax reforms
[SRC-2024-0032],NBS Foreign Trade in Goods Statistics Q1 2024,National Bureau of Statistics,LEVEL_2,statistical_bulletin,2024-06-08,exact_day,https://nigerianstat.gov.ng/elibrary/read/1241452,2024-08-15,https://web.archive.org/web/20240609/nbs-trade-q1-2024,NBS-TRD-2024-Q1,Trade and Macroeconomic Statistics Division,NBS,en,active,NBS statistical bulletin verifying trade surplus expansion
[SRC-2024-0033],CBN Monthly Economic Report June 2024 (Gross External Reserves),Central Bank of Nigeria,LEVEL_2,economic_report,2024-07-31,exact_day,https://www.cbn.gov.ng/documents/quarterlyeconomicreports.asp,2024-08-15,https://web.archive.org/web/20240801/cbn-econ-report-june,CBN-MER-2024-06,Research Department,Central Bank of Nigeria,en,active,Official external reserves balance of USD 38.5 Billion
[SRC-2024-0034],Premium Times Investigative Special Report on Student Loan Implementation,Premium Times,LEVEL_4,investigative_report,2024-08-12,exact_day,https://www.premiumtimesng.com/news/top-news/722145-investigation-student-loan-disbursements.html,2024-08-15,https://web.archive.org/web/20240813/pt-student-loans,PT-INV-2024-722145,Investigations Desk,Premium Times Services Ltd,en,active,Independent campus verification of NELFUND fee disbursements
[SRC-2024-0035],BusinessDay Financial Intelligence on Non-Oil Tax Collections,BusinessDay Nigeria,LEVEL_4,investigative_report,2024-02-15,exact_day,https://businessday.ng/news/article/inside-firs-record-tax-haul,2024-08-15,https://web.archive.org/web/20240216/bd-firs-tax,BD-FIN-2024-0215,Fiscal Desk,BusinessDay Media,en,active,Independent analysis of corporate tax and VAT growth
