sector_id,sector_name,macro_category,real_gdp_share_pct,yoY_growth_rate_pct,previous_quarter_growth_pct,observation_period,methodology_version,primary_drivers,headwinds,source_id,source_institution,source_document_title,source_url
ict_telecoms,Information and Communication,Services,19.85,5.65,6.20,Q1 2026,2010 Base,5G network rollout digital payments fintech adoption and enterprise cloud transition,FX costs of telecommunication infrastructure replacement,SRC-NBS-GDP-Q1-2026,National Bureau of Statistics (NBS),Nigerian Gross Domestic Product Report (Q1 2026),https://nigerianstat.gov.ng
agriculture_crops,Agriculture (Crop Production & Livestock),Agriculture,23.16,3.15,0.07,Q1 2026,2010 Base,Dry season farming initiatives fertiliser access support and agricultural extension deployment,Rural logistics costs and localized security disruptions in food corridors,SRC-NBS-GDP-Q1-2026,National Bureau of Statistics (NBS),Nigerian Gross Domestic Product Report (Q1 2026),https://nigerianstat.gov.ng
trade_commerce,Trade and Commerce,Services,15.80,2.08,2.80,Q1 2026,2010 Base,Domestic wholesale demand FMCG distribution and intra-state commerce,Import tariff adjustments and consumer purchasing power realignment,SRC-NBS-GDP-Q1-2026,National Bureau of Statistics (NBS),Nigerian Gross Domestic Product Report (Q1 2026),https://nigerianstat.gov.ng
manufacturing_industry,Manufacturing,Industry,8.65,3.29,1.85,Q1 2026,2010 Base,Food and beverage processing cement expansion and domestic chemical production,High energy costs and raw material import substitution hurdles,SRC-NBS-GDP-Q1-2026,National Bureau of Statistics (NBS),Nigerian Gross Domestic Product Report (Q1 2026),https://nigerianstat.gov.ng
oil_gas_extraction,Crude Petroleum and Natural Gas,Industry,3.92,2.57,1.87,Q1 2026,2010 Base,Upstream asset integrity improved pipeline surveillance and deepwater output,Operational downtime at select offshore FPSOs (Erha/Akpo),SRC-NBS-GDP-Q1-2026,National Bureau of Statistics (NBS),Nigerian Gross Domestic Product Report (Q1 2026),https://nigerianstat.gov.ng
financial_services,Financial and Insurance Institutions,Services,5.48,8.20,9.40,Q1 2026,2010 Base,Bank recapitalization programme electronic banking transactions and credit expansion,High interest rate environment impacting asset quality monitoring,SRC-NBS-GDP-Q1-2026,National Bureau of Statistics (NBS),Nigerian Gross Domestic Product Report (Q1 2026),https://nigerianstat.gov.ng
construction_infrastructure,Construction,Industry,8.90,3.40,3.65,Q1 2026,2010 Base,Federal infrastructure corridors (Lagos-Calabar Coastal Highway Sokoto-Badagry),Rising building material input costs,SRC-NBS-GDP-Q1-2026,National Bureau of Statistics (NBS),Nigerian Gross Domestic Product Report (Q1 2026),https://nigerianstat.gov.ng
real_estate,Real Estate Services,Services,5.15,2.15,2.40,Q1 2026,2010 Base,Urban commercial and residential property development in metropolitan hubs,High cost of long-term development financing,SRC-NBS-GDP-Q1-2026,National Bureau of Statistics (NBS),Nigerian Gross Domestic Product Report (Q1 2026),https://nigerianstat.gov.ng
transportation_storage,Transportation and Storage,Services,1.25,1.80,1.50,Q1 2026,2010 Base,Rail freight revival logistics digitization and interstate transit,Diesel and PMS pump price adjustments affecting fleet operating margins,SRC-NBS-GDP-Q1-2026,National Bureau of Statistics (NBS),Nigerian Gross Domestic Product Report (Q1 2026),https://nigerianstat.gov.ng
