indicator_id,indicator_name,baseline_period,baseline_value,unit,latest_period,latest_value,absolute_change,percentage_point_change,percentage_change,direction_semantics,methodologically_comparable,interpretation_caution
real_gdp_growth,Real GDP Growth Rate,Q2 2023,2.51,%,Q1 2026,3.89,+1.38,+1.38,+54.98,HIGHER_GENERALLY_FAVOURABLE,TRUE,Q2 2023 represents inaugural administration quarter; growth accelerated by 1.38 percentage points driven by services and agriculture
headline_cpi,Headline CPI Inflation,May 2023,22.41,%,July 2026,15.43,-6.98,-6.98,-31.15,LOWER_GENERALLY_FAVOURABLE,FALSE,Crucial methodology qualification: May 2023 was on 2009 base while July 2026 is on rebased 2024=100 base; within rebased series inflation decelerated from 22.97% (May 2025)
food_cpi,Food CPI Inflation,May 2023,24.82,%,July 2026,20.31,-4.51,-4.51,-18.17,LOWER_GENERALLY_FAVOURABLE,FALSE,Crucial methodology qualification: rebased in 2025; within 2026 rebased series food inflation accelerated from 16.96% (May) to 20.31% (July) representing ongoing household pressure
nafem_fx_rate,Official NAFEM FX Rate,May 2023,461.50,NGN/USD,August 2026,1350.41,+888.91,N/A,+192.61,CONTEXT_DEPENDENT,FALSE,May 2023 reflects subsidized administrative peg with parallel spread >60%; August 2026 reflects unified autonomous market clearing discovery with parallel spread <4%
external_reserves,Gross External Reserves,May 2023,35.10,Billion USD,August 2026,52.66,+17.56,N/A,+50.03,HIGHER_GENERALLY_FAVOURABLE,TRUE,Substantial external liquidity expansion of +$17.56B (+50.03%) reaching a 17-year multi-year peak
monetary_policy_rate,Monetary Policy Rate (MPR),May 2023,18.50,%,July 2026,26.50,+8.00,+8.00,+43.24,CONTEXT_DEPENDENT,TRUE,Reflects +800 bps monetary tightening cycle to anchor inflation expectations and defend exchange rate stability
crude_oil_production,Crude Oil Production (excl. Condensate),May 2023,1.184,mbpd,July 2026,1.505,+0.321,N/A,+27.11,HIGHER_GENERALLY_FAVOURABLE,TRUE,Crude-only output increased by +321,000 bpd (+27.11%) exceeding OPEC quota (1.50 mbpd); total liquids reached 1.670 mbpd (vs 1.427 mbpd baseline)
total_public_debt,Total Public Debt Stock (NGN),Q2 2023,87.38,Trillion NGN,Q1 2026,159.35,+71.97,N/A,+82.36,CONTEXT_DEPENDENT,QUALIFIED,Nominal Naira debt expanded primarily due to FX translation revaluation of $50.37B external debt at ₦1386.21/$ (USD total debt grew modestly from $113.42B to $114.95B, a +1.35% increase)
faac_distributable_revenue,FAAC Distributable Revenue,May 2023,0.786,Trillion NGN,July 2026,3.007,+2.221,N/A,+282.57,HIGHER_GENERALLY_FAVOURABLE,QUALIFIED,Disbursements to 3 tiers of government increased nearly 4-fold (+282.57%) following PMS subsidy elimination and FX revenue unification
